u,F,fracture_dissipation,l,a,Nl_Ntot
0.0,0.0,0.0,0.0,0.0006326944510669466,0.0
2.7823027396188995e-16,2.761790025195191e-09,0.0,0.01,0.0006326944510669466,0.0012106537530266344
6.126656708529218e-06,60.715425599992855,1.5918989836261055e-07,219830000.0,0.0006327534102885624,0.002421307506053269
9.343593766057164e-06,92.23097198525873,1.4222951032225594e-06,333900000.0,0.0006332212270311031,0.0036319612590799033
1.0358335407790615e-05,101.85696493082685,3.258114535582779e-06,368720000.0,0.0006339011601541994,0.004842615012106538
1.061083809777384e-05,104.01993161804447,4.89722197230269e-06,376520000.0,0.0006345082369826143,0.006053268765133172
1.0664915841301954e-05,104.29751203194932,6.221903264232997e-06,377500000.0,0.0006349988596833292,0.007263922518159807
1.0670509881279443e-05,104.12124522472836,7.441932641159444e-06,376840000.0,0.0006354507224155242,0.00847457627118644
1.0690919362199931e-05,104.0876163830916,8.669238133251156e-06,376700000.0,0.0006359052800051877,0.009685230024213076
1.0698500581305946e-05,103.92134498350315,9.92567104190023e-06,376070000.0,0.0006363706255269097,0.010895883777239709
1.0710179170129416e-05,103.81020161132473,1.110376858609108e-05,375650000.0,0.000636806957950684,0.012106537530266344
1.0726191044928392e-05,103.70645396435866,1.2473849321709363e-05,375250000.0,0.0006373143952601723,0.013317191283292978
1.0737467475006048e-05,103.5765678923246,1.3742752846210182e-05,374760000.0,0.0006377843595285059,0.014527845036319613
1.0749553924357786e-05,103.44021282212505,1.5088300307378955e-05,374250000.0,0.0006382827104400499,0.015738498789346248
1.0762185796477527e-05,103.31878946190743,1.6390543201393104e-05,373780000.0,0.0006387650226230182,0.01694915254237288
1.0771400983145382e-05,103.19112677731846,1.7549228167225816e-05,373300000.0,0.0006391941652029562,0.018159806295399514
1.0782533848203793e-05,103.06519764207782,1.880184715755151e-05,372820000.0,0.0006396580981623361,0.01937046004842615
1.0774134230303664e-05,102.7918740588837,1.9838524431131878e-05,371820000.0,0.0006400420527081066,0.020581113801452784
1.0799645443997006e-05,102.80103570754757,2.1071419154677694e-05,371830000.0,0.0006404986803834939,0.021791767554479417
1.080930199815874e-05,102.59079421168865,2.2654504485551065e-05,371050000.0,0.0006410850082838173,0.023002421307506054
1.0796804696283965e-05,102.28280777246547,2.3681646709646788e-05,369920000.0,0.0006414654313297788,0.024213075060532687
1.080898249806392e-05,102.17417485115946,2.488939749065411e-05,369500000.0,0.0006419127464338555,0.025423728813559324
1.0804617490773117e-05,101.9432407131976,2.5901911176638537e-05,368650000.0,0.0006422877515027387,0.026634382566585957
1.0824520249163946e-05,101.86880073139537,2.730208694857317e-05,368360000.0,0.0006428063351219737,0.02784503631961259
1.0839108180341298e-05,101.73767114882847,2.8760842292071098e-05,367860000.0,0.0006433466148788248,0.029055690072639227
1.0833090824921395e-05,101.49310446714391,2.9792750541828505e-05,366960000.0,0.0006437288031194756,0.03026634382566586
1.0832147005899379e-05,101.2767720889089,3.092573440480839e-05,366160000.0,0.0006441484267724312,0.031476997578692496
1.0856284428974741e-05,101.2413398586187,3.233252544217624e-05,366000000.0,0.0006446694604899749,0.03268765133171913
1.0876088511686836e-05,101.20079192192672,3.3562583997162276e-05,365840000.0,0.0006451250377325623,0.03389830508474576
1.0900746502441477e-05,101.17930561628759,3.494457668228579e-05,365740000.0,0.0006456368868752007,0.035108958837772396
1.0885798196850824e-05,100.83763390998709,3.605925666230037e-05,364480000.0,0.0006460497313122431,0.03631961259079903
1.0889507306502198e-05,100.65856840057502,3.7226297635019725e-05,363820000.0,0.0006464819687095465,0.03753026634382567
1.0894406297664417e-05,100.49384351987464,3.8363205800248105e-05,363200000.0,0.0006469030458077792,0.0387409200968523
1.0892083569601131e-05,100.26739958912844,3.947078270334292e-05,362370000.0,0.0006473132594755921,0.039951573849878935
1.0904107347893267e-05,100.14438004242906,4.07452024286552e-05,361900000.0,0.0006477852667812633,0.04116222760290557
1.09157025918659e-05,100.0058808778151,4.20819444950713e-05,361380000.0,0.0006482803564354916,0.0423728813559322
1.0921284940343269e-05,99.82064781489805,4.337048511815e-05,360690000.0,0.0006487575937032985,0.043583535108958835
1.0924626181209212e-05,99.62066061482854,4.462286220443379e-05,359950000.0,0.0006492214370685887,0.044794188861985475
1.0940788122162721e-05,99.52428061872222,4.593877089769327e-05,359580000.0,0.0006497088106586849,0.04600484261501211
1.0947992488895512e-05,99.36106349264259,4.7185742830021306e-05,358970000.0,0.0006501706521151026,0.04721549636803874
1.0946505172044665e-05,99.11916569954407,4.843138151826043e-05,358080000.0,0.0006506319997774135,0.048426150121065374
1.095437923871984e-05,98.95647817449311,4.9703580199326194e-05,357470000.0,0.0006511031844741045,0.04963680387409201
1.0963824718321745e-05,98.8080819803016,5.097277093373909e-05,356920000.0,0.0006515732551164796,0.05084745762711865
1.0972268062759892e-05,98.64894277919689,5.224908291070785e-05,356320000.0,0.0006520459632560977,0.05205811138014528
1.0981038028325701e-05,98.49098836049029,5.3533815412379895e-05,355730000.0,0.0006525217901085688,0.053268765133171914
1.0992215546279287e-05,98.34207970782438,5.488578021162738e-05,355180000.0,0.0006530225178119938,0.05447941888619855
1.0998251963908216e-05,98.1428836346713,5.625971689407572e-05,354440000.0,0.0006535313832499376,0.05569007263922518
1.0993862342827826e-05,97.87689406503608,5.748835757800386e-05,353460000.0,0.0006539864353550962,0.05690072639225181
1.1017504997833448e-05,97.82387129863115,5.891680377637876e-05,353250000.0,0.0006545154895026425,0.05811138014527845
1.1014592807710228e-05,97.59460775374659,6.000855073232736e-05,352410000.0,0.0006549198402270678,0.059322033898305086
1.1033161283563174e-05,97.51770922028824,6.131550252153262e-05,352110000.0,0.0006554038964452921,0.06053268765133172
1.1028982434673642e-05,97.27533517223102,6.244177063347944e-05,351220000.0,0.0006558210327830502,0.06174334140435835
1.1026387774008835e-05,97.06394904869109,6.347021315155899e-05,350440000.0,0.0006562019374193759,0.06295399515738499
1.1028251955560933e-05,96.89079951852031,6.450182787168779e-05,349800000.0,0.0006565840169453495,0.06416464891041163
1.1057800238423533e-05,96.92427680702092,6.573348477435781e-05,349910000.0,0.0006570401861685606,0.06537530266343826
1.1076502590507752e-05,96.82360976559443,6.717388972469629e-05,349520000.0,0.0006575736694835008,0.06658595641646489
1.1087324706760077e-05,96.6733822217169,6.850462157214099e-05,348960000.0,0.0006580665331307026,0.06779661016949153
1.1098915344155345e-05,96.55674936420655,6.970047671435942e-05,348530000.0,0.0006585094424426353,0.06900726392251816
1.1105312826234509e-05,96.37909476756008,7.098648360275094e-05,347870000.0,0.0006589857412901877,0.07021791767554479
1.1103397667090767e-05,96.14901326854793,7.216574480302818e-05,347020000.0,0.0006594225046976978,0.07142857142857142
1.1129360302036832e-05,96.1468108940396,7.341123669201521e-05,347000000.0,0.0006598837979899152,0.07263922518159806
1.1152307834001148e-05,96.09680328787562,7.477503783082451e-05,346800000.0,0.0006603889095228076,0.07384987893462469
1.1144967371543224e-05,95.79342193857214,7.609149987448572e-05,345690000.0,0.0006608764880574969,0.07506053268765134
1.1142293295614522e-05,95.54621115440308,7.732497052952759e-05,344780000.0,0.0006613333290408457,0.07627118644067797
1.1161840646483607e-05,95.45823705441526,7.87293652906933e-05,344440000.0,0.0006618534752486849,0.0774818401937046
1.1163414768887101e-05,95.26446985095605,7.986224056919933e-05,343730000.0,0.0006622730586851686,0.07869249394673124
1.1193674565021579e-05,95.23828377026175,8.144010004752222e-05,343610000.0,0.0006628574510845474,0.07990314769975787
1.1209523885703138e-05,95.14265174869351,8.272233738856506e-05,343250000.0,0.0006633323538034522,0.0811138014527845
1.1209742729821087e-05,94.91235019271639,8.401746210109451e-05,342400000.0,0.0006638120296229076,0.08232445520581114
1.1206539737017688e-05,94.64809435319322,8.532107612352258e-05,341430000.0,0.0006642948496312142,0.08353510895883777
1.121011919511493e-05,94.44604379102951,8.65955129388556e-05,340690000.0,0.0006647668632665227,0.0847457627118644
1.1214604045755383e-05,94.26778313433475,8.778595895207709e-05,340030000.0,0.0006652077691973455,0.08595641646489104
1.12065312725736e-05,94.01099309305229,8.883921995393962e-05,339090000.0,0.0006655978658647021,0.08716707021791767
1.1231078703452345e-05,93.98243898753232,9.013301292941978e-05,338970000.0,0.0006660770484482132,0.08837772397094432
1.1241820882120446e-05,93.86483117771294,9.127537838953526e-05,338540000.0,0.0006665001467667745,0.08958837772397095
1.1255160703474458e-05,93.76557173632234,9.243150502266629e-05,338170000.0,0.0006669283418160823,0.09079903147699758
1.1311949143266658e-05,93.9120446609888,9.422616893250591e-05,338670000.0,0.0006675930321530599,0.09200968523002422
1.1312515620766359e-05,93.64605231069613,9.571209382630052e-05,337700000.0,0.0006681433747063171,0.09322033898305085
1.1297667972853366e-05,93.30308065934733,9.693626516448828e-05,336450000.0,0.0006685967714982386,0.09443099273607748
1.129104264249988e-05,93.03126063178205,9.814106183911275e-05,335450000.0,0.0006690429924888403,0.09564164648910412
1.1292727914463107e-05,92.85557154442,9.91999831111725e-05,334810000.0,0.0006694351855525661,0.09685230024213075
1.1328336650185655e-05,92.86182620210515,0.00010078971701114004,334810000.0,0.0006700239758858874,0.09806295399515738
1.1347801068201444e-05,92.79039490570419,0.00010206128354696897,334540000.0,0.0006704949264547129,0.09927360774818401
1.1346272381253541e-05,92.49663018069164,0.00010363051529344625,333460000.0,0.0006710761233978526,0.10048426150121065
1.1341805018585244e-05,92.22159648716486,0.00010497519219394036,332460000.0,0.0006715741518795171,0.1016949152542373
1.1339229585242652e-05,91.99943462650697,0.0001061121228830999,331640000.0,0.0006719952373199466,0.10290556900726393
1.1344867128512938e-05,91.83776167556522,0.00010727464667914211,331050000.0,0.0006724258016888511,0.10411622276029056
1.1359547765097852e-05,91.72342339281812,0.0001085879275034185,330620000.0,0.0006729122019941387,0.1053268765133172
1.1365527646980598e-05,91.53565559919147,0.00010990800845364102,329930000.0,0.0006734011208645915,0.10653753026634383
1.1394822693953065e-05,91.54182869096957,0.00011119277349949997,329930000.0,0.0006738769597704652,0.10774818401937046
1.1427591969350232e-05,91.55217848822775,0.0001126029404970641,329960000.0,0.000674399243843637,0.1089588377723971
1.13986949988425e-05,91.11172982901795,0.00011377110872920216,328360000.0,0.0006748318987444289,0.11016949152542373
1.1397297835076905e-05,90.90014824654406,0.00011489854414939504,327580000.0,0.0006752494674185744,0.11138014527845036
1.142925308815418e-05,90.90248032990273,0.00011633238523186695,327570000.0,0.0006757805196713418,0.11259079903147699
1.1440738710322139e-05,90.75313787396793,0.00011770557430323181,327020000.0,0.0006762891082162918,0.11380145278450363
1.1470183088148431e-05,90.735490433895,0.00011913283068340941,326940000.0,0.0006768177216904316,0.11501210653753027
1.1472131557334397e-05,90.51472729934162,0.00012048603263714197,326130000.0,0.0006773189075992215,0.1162227602905569
1.1497238930922976e-05,90.43210115935496,0.00012206701214934279,325820000.0,0.0006779044555667032,0.11743341404358354
1.1516780844842227e-05,90.30877102003996,0.00012362472528517455,325360000.0,0.000678481386357752,0.11864406779661017
1.1505785972036087e-05,89.97189275808712,0.00012502776108923986,324130000.0,0.0006790010292481466,0.1198547215496368
1.1497404339229328e-05,89.71905698517561,0.00012607804687229818,323210000.0,0.0006793900239826126,0.12106537530266344
1.1529368702594422e-05,89.73985083117569,0.00012737423515715252,323270000.0,0.0006798700937177438,0.12227602905569007
1.1553316831785465e-05,89.64940374994822,0.0001289787412388197,322930000.0,0.0006804643552294724,0.1234866828087167
1.1551055306014705e-05,89.35639699384107,0.00013056848665702603,321850000.0,0.0006810531498288081,0.12469733656174334
1.1538058945495298e-05,89.03467418310909,0.0001318303357759023,320680000.0,0.0006815205013543179,0.12590799031476999
1.1531045459419749e-05,88.79279289023071,0.0001329099255316455,319800000.0,0.0006819203494120004,0.1271186440677966
1.1535677730886383e-05,88.61782081913078,0.00013410565842741164,319160000.0,0.0006823632134474694,0.12832929782082325
1.1564451906421028e-05,88.60528823411748,0.0001354419099869868,319100000.0,0.0006828581214324973,0.12953995157384987
1.1552680013224857e-05,88.31072149170701,0.000136627482054702,318030000.0,0.0006832972221983177,0.13075060532687652
1.1572974569148808e-05,88.23886032021841,0.00013793758686240598,317750000.0,0.000683782446201171,0.13196125907990314
1.159129638471399e-05,88.13315582347377,0.0001393573032310973,317360000.0,0.0006843082670784642,0.13317191283292978
1.1593463414615376e-05,87.918288549822,0.00014068698867106933,316570000.0,0.0006848007431673426,0.1343825665859564
1.160657871828634e-05,87.78594130981347,0.00014203255009499527,316080000.0,0.0006852990992502782,0.13559322033898305
1.1601723566683972e-05,87.52740349158657,0.0001433258269639668,315130000.0,0.0006857780906832306,0.1368038740920097
1.1592344592061276e-05,87.25184839900318,0.00014450546027294277,314130000.0,0.0006862149919087772,0.13801452784503632
1.1605213825282694e-05,87.15898054315089,0.00014559577083586285,313790000.0,0.0006866188106357847,0.13922518159806296
1.162509234036805e-05,87.08797202008377,0.00014687056873702108,313520000.0,0.000687090958006584,0.14043583535108958
1.1633399591263082e-05,86.92760325435707,0.00014814724814784163,312930000.0,0.0006875638022328139,0.14164648910411623
1.1630246063061252e-05,86.69128593069792,0.00014936746867183582,312070000.0,0.0006880157357602192,0.14285714285714285
1.1643946076921216e-05,86.59079254714274,0.00015052942094582677,311690000.0,0.0006884460884542899,0.1440677966101695
1.1654388878641625e-05,86.45585638949709,0.00015174786090557668,311200000.0,0.0006888973625134565,0.14527845036319612
1.1663668030739277e-05,86.30513217234619,0.00015300977560896612,310640000.0,0.0006893647383295267,0.14648910411622276
1.167323258395632e-05,86.14550477110154,0.00015433612106198802,310060000.0,0.0006898559773862014,0.14769975786924938
1.168201911707059e-05,85.98556463690065,0.00015563182930158215,309470000.0,0.0006903358693267919,0.14891041162227603
1.1690125561938898e-05,85.82769450008696,0.0001568868815130373,308890000.0,0.0006908007034791827,0.15012106537530268
1.1699027422627262e-05,85.67676896382014,0.0001581357690331513,308340000.0,0.0006912632544125582,0.1513317191283293
1.1707933058407439e-05,85.52346991780587,0.00015939969658896946,307770000.0,0.0006917313757295279,0.15254237288135594
1.1717004968233922e-05,85.36708482602366,0.00016068895743791224,307200000.0,0.0006922088797476549,0.15375302663438256
1.1726081551688655e-05,85.20922088146834,0.00016198667507916453,306620000.0,0.0006926895159110817,0.1549636803874092
1.1733715634271732e-05,85.05088841472633,0.0001632255840236243,306040000.0,0.0006931483710756963,0.15617433414043583
1.1742114346364975e-05,84.89952061502316,0.0001644556250811029,305480000.0,0.0006936039418377254,0.15738498789346247
1.1750575129349443e-05,84.74827176725455,0.00016568811936043383,304930000.0,0.0006940604212004407,0.1585956416464891
1.176044791802019e-05,84.60083581326732,0.00016695839279998138,304390000.0,0.0006945308928447175,0.15980629539951574
1.17697788303105e-05,84.44258342485575,0.00016826850605736055,303810000.0,0.0006950161199770802,0.16101694915254236
1.1779143952411006e-05,84.29412251177392,0.00016952225556432921,303260000.0,0.0006954804716463278,0.162227602905569
1.1788232867305958e-05,84.14838673370022,0.0001707488875262293,302730000.0,0.0006959347797803649,0.16343825665859565
1.1798187069784643e-05,84.00621537723907,0.0001719908445340399,302210000.0,0.0006963947638573318,0.16464891041162227
1.1807492568723957e-05,83.85304272464109,0.00017327025673062103,301640000.0,0.0006968686202264359,0.16585956416464892
1.1816260959963787e-05,83.69467747387368,0.0001745579660676817,301060000.0,0.0006973455496105325,0.16707021791767554
1.182489544232458e-05,83.53546197087337,0.00017584528322151717,300480000.0,0.0006978223337415826,0.1682808716707022
1.1834004945569332e-05,83.38367943955683,0.0001771086887696498,299920000.0,0.0006982902617223725,0.1694915254237288
1.1843570483993292e-05,83.23539106106581,0.00017837099324200014,299380000.0,0.000698757781897317,0.17070217917675545
1.185339623552125e-05,83.08441115972181,0.0001796601902822521,298830000.0,0.0006992352622825956,0.17191283292978207
1.1862559086529737e-05,82.93101052407316,0.00018093655592025515,298260000.0,0.0006997079902966708,0.17312348668280872
1.1870921832375041e-05,82.77160981636051,0.0001822153234824271,297680000.0,0.00070018160791229,0.17433414043583534
1.1879801454329725e-05,82.6157706305144,0.00018349449448410614,297110000.0,0.0007006553749499489,0.17554479418886199
1.1888625776253444e-05,82.46296613908414,0.00018475321058750095,296550000.0,0.0007011215660993543,0.17675544794188863
1.1898019227269415e-05,82.31190773805214,0.0001860251723179387,296000000.0,0.0007015926630365535,0.17796610169491525
1.1907164930293021e-05,82.15631857468992,0.00018731387871006612,295430000.0,0.0007020699617003044,0.1791767554479419
1.1916082397902165e-05,82.00101243434176,0.00018859165349146667,294860000.0,0.0007025432116193417,0.18038740920096852
1.1924606345236808e-05,81.84109657024257,0.0001898802805997082,294280000.0,0.0007030204809186903,0.18159806295399517
1.1933733818261675e-05,81.68845368218525,0.00019115026896889532,293720000.0,0.0007034908469813523,0.18280871670702178
1.1942723624119566e-05,81.53554815916635,0.00019241660754740653,293160000.0,0.0007039598612696898,0.18401937046004843
1.1951625586278182e-05,81.37894936232374,0.0001937015739602117,292590000.0,0.0007044357747559139,0.18523002421307505
1.1960383539672038e-05,81.22267881518631,0.00019497889179713823,292010000.0,0.0007049088554362571,0.1864406779661017
1.1968687478880333e-05,81.06310301562704,0.00019625734287397512,291430000.0,0.0007053823558350855,0.18765133171912832
1.197748419920429e-05,80.90751086459467,0.00019753148932670774,290860000.0,0.0007058542619286902,0.18886198547215496
1.1986335368021563e-05,80.75437572317527,0.00019879335061398184,290300000.0,0.000706321617961014,0.1900726392251816
1.1995313151809921e-05,80.601566404271,0.00020005884173876498,289740000.0,0.0007067903183776003,0.19128329297820823
1.2004256503655171e-05,80.44496200594503,0.0002013456623287282,289170000.0,0.0007072669185961052,0.19249394673123488
1.2012892328738045e-05,80.28697763724783,0.00020262813362154986,288590000.0,0.0007077419079638169,0.1937046004842615
1.202149727053073e-05,80.12858501050657,0.00020391134278292377,288020000.0,0.0007082171706161777,0.19491525423728814
1.2030470092787054e-05,79.97686248071697,0.00020516914537573538,287460000.0,0.0007086830234283301,0.19612590799031476
1.2039658640362467e-05,79.82634354485417,0.0002064286993908482,286910000.0,0.000709149524915409,0.1973365617433414
1.204888776339927e-05,79.67135082888164,0.0002077168554225506,286350000.0,0.0007096266197419653,0.19854721549636803
1.2057298490861194e-05,79.5120528926032,0.00020899844802522828,285760000.0,0.000710101283668883,0.19975786924939468
1.2065981866703145e-05,79.35369466961512,0.0002102850077759546,285190000.0,0.0007105777872802631,0.2009685230024213
1.2075259432409563e-05,79.20114586390547,0.0002115601019000153,284630000.0,0.0007110500443632486,0.20217917675544794
1.2084612316269554e-05,79.04832242236229,0.000212840127713533,284070000.0,0.0007115241279978848,0.2033898305084746
1.2093045840910016e-05,78.88833501263387,0.0002141279078722307,283490000.0,0.0007120010836122173,0.2046004842615012
1.2101829431551956e-05,78.73091551589171,0.0002154143178537442,282910000.0,0.0007124775317535186,0.20581113801452786
1.2110448674692949e-05,78.57339681276383,0.00021669452492533627,282340000.0,0.0007129516825207749,0.20702179176755447
1.2119002457681042e-05,78.41302899269839,0.00021798871582657454,281750000.0,0.0007134310124841965,0.20823244552058112
1.2127598004838623e-05,78.25628305545688,0.00021926255779397864,281180000.0,0.0007139028058054572,0.20944309927360774
1.2135956419162902e-05,78.09808894489898,0.00022053627468577732,280610000.0,0.0007143745528024197,0.2106537530266344
1.2144660282270163e-05,77.93932944742178,0.0002218272485996533,280030000.0,0.0007148526912890404,0.211864406779661
1.215321910260235e-05,77.78139347246885,0.000223107707666381,279450000.0,0.0007153269353878285,0.21307506053268765
1.2161417401928528e-05,77.6198191727041,0.0002243955485897382,278860000.0,0.0007158039135075904,0.21428571428571427
1.2169972924081596e-05,77.4638445380081,0.0002256629475700407,278290000.0,0.000716273320537332,0.21549636803874092
1.2178215731204904e-05,77.30810353477945,0.00022691689269738546,277730000.0,0.0007167377446585709,0.21670702179176757
1.2186814134606283e-05,77.15404933694792,0.0002281747248798689,277170000.0,0.000717203608429861,0.2179176755447942
1.2194771433755224e-05,76.99072992259423,0.00022946354933066316,276570000.0,0.0007176809508190441,0.21912832929782083
1.2202372669803374e-05,76.82325756390559,0.00023076287785055304,275960000.0,0.0007181621836041884,0.22033898305084745
1.2210140880672008e-05,76.6660042118621,0.00023200663669672105,275390000.0,0.0007186228350286952,0.2215496368038741
1.2218582328873797e-05,76.51317158493686,0.00023324864652654533,274830000.0,0.0007190828386693708,0.22276029055690072
1.222848223968806e-05,76.36883202374504,0.0002344957282570037,274310000.0,0.0007195447207917628,0.22397094430992737
1.2237219203038103e-05,76.2109786109151,0.00023578013235892105,273730000.0,0.0007200204260146951,0.22518159806295399
1.2244939264681203e-05,76.04439110160249,0.00023707888723001425,273130000.0,0.0007205014463373223,0.22639225181598063
1.225270501282994e-05,75.88560301940416,0.00023833212851869458,272550000.0,0.0007209656097775742,0.22760290556900725
1.2261366647798341e-05,75.73406659333861,0.00023957521472869314,272000000.0,0.0007214260120775737,0.2288135593220339
1.2270658130830125e-05,75.58147434113297,0.00024084895658915784,271440000.0,0.0007218977683221903,0.23002421307506055
1.2278172138716154e-05,75.41653647227218,0.00024213223304434296,270840000.0,0.0007223730558981847,0.23123486682808717
1.228464435690771e-05,75.24359801557034,0.00024342507165609617,270210000.0,0.0007228518850136489,0.2324455205811138
1.228701677509388e-05,75.05567346843114,0.00024465495173038663,269530000.0,0.000723307396152275,0.23365617433414043
1.2277540424965205e-05,74.83238840360241,0.0002456564537098187,268730000.0,0.000723678322811324,0.23486682808716708
1.2293244157979668e-05,74.73277851076016,0.0002468383603494253,268360000.0,0.0007241160660111782,0.2360774818401937
1.2305546397102768e-05,74.60051550860719,0.0002480930214551651,267880000.0,0.0007245807553096004,0.23728813559322035
1.2315990436943662e-05,74.46766721978173,0.00024928496019815174,267400000.0,0.0007250222141032991,0.23849878934624696
1.2324522145794777e-05,74.31044251466994,0.0002505561211194309,266830000.0,0.0007254930144445136,0.2397094430992736
1.2328956576227957e-05,74.1386521492103,0.0002517673932624911,266200000.0,0.0007259416337567581,0.24092009685230023
1.2335295298029447e-05,73.97816856049897,0.00025298042997168915,265620000.0,0.0007263909066120166,0.24213075060532688
1.2340900421611604e-05,73.81846579602043,0.0002541615379739011,265040000.0,0.0007268283540202434,0.24334140435835352
1.2350216325363391e-05,73.68266173303093,0.0002553315510602165,264550000.0,0.0007272616922003602,0.24455205811138014
1.235726529902042e-05,73.52937810341317,0.00025652722525168817,263990000.0,0.0007277045344934978,0.2457627118644068
1.2364776825358104e-05,73.39619102427694,0.0002576210403517869,263500000.0,0.0007281096511972381,0.2469733656174334
1.2382836949622296e-05,73.3155079820527,0.0002587761607201171,263210000.0,0.0007285374735558789,0.24818401937046006
1.2396138629240087e-05,73.19403446036735,0.00026001160426886784,262770000.0,0.0007289950452406014,0.24939467312348668
1.2402466498733737e-05,73.02993533841801,0.00026125824354836106,262170000.0,0.0007294567634922655,0.2506053268765133
1.2399969438087902e-05,72.81952279010756,0.00026246868701703584,261410000.0,0.000729905075888071,0.25181598062953997
1.240580075152205e-05,72.66343688826525,0.00026364272672309454,260840000.0,0.0007303399054088335,0.25302663438256656
1.2417255635792214e-05,72.54900545575173,0.0002647623978566567,260420000.0,0.000730754598421264,0.2542372881355932
1.2431383781531962e-05,72.44182691017339,0.0002659330883498523,260030000.0,0.0007311881874928178,0.25544794188861986
1.2442474155826063e-05,72.30086909532567,0.0002672071971243981,259520000.0,0.0007316600796315385,0.2566585956416465
1.2448311076876318e-05,72.15125720441621,0.0002683479427689566,258980000.0,0.000732082578018412,0.25786924939467315
1.2475150528525896e-05,72.06796047183211,0.0002698169860580255,258670000.0,0.0007326266681254745,0.25907990314769974
1.2481718801036834e-05,71.90223297479136,0.00027107769877842027,258070000.0,0.0007330935987626578,0.2602905569007264
1.2513187137324566e-05,71.81052185281409,0.0002727710407972301,257730000.0,0.0007337207624733282,0.26150121065375304
1.2496280338916972e-05,71.52706117250291,0.0002739119478129242,256710000.0,0.0007341433206272889,0.2627118644067797
1.2500975617875139e-05,71.35206767296437,0.00027515396321757746,256080000.0,0.0007346033263327161,0.2639225181598063
1.2481938626166313e-05,71.08746820219294,0.0002761140471904562,255120000.0,0.0007349589129893377,0.2651331719128329
1.2487017157708804e-05,70.91324076220221,0.0002773697906227861,254490000.0,0.00073542400314946,0.26634382566585957
1.2490824680565277e-05,70.74617723628205,0.0002785343945889243,253890000.0,0.0007358553379517333,0.2675544794188862
1.2496226302576967e-05,70.58306711854702,0.0002797316096834841,253300000.0,0.0007362987509497185,0.2687651331719128
1.2508043524609978e-05,70.45666431263625,0.00028092856280563706,252840000.0,0.0007367420669208862,0.26997578692493945
1.2520879896508565e-05,70.3270968022536,0.00028218072234062296,252370000.0,0.0007372058297116218,0.2711864406779661
1.2533030199792855e-05,70.18438016617624,0.0002834893703773911,251850000.0,0.0007376905141696841,0.27239709443099275
1.2539714904442646e-05,70.00529344360598,0.0002848308185172781,251200000.0,0.0007381873468140866,0.2736077481840194
1.2543154994621607e-05,69.82232119886689,0.0002860848787937471,250540000.0,0.0007386518135831492,0.274818401937046
1.2548767579365432e-05,69.65113737869996,0.00028734204025716425,249920000.0,0.0007391174289399704,0.27602905569007263
1.2554830210993524e-05,69.47541697249444,0.0002886451873916514,249280000.0,0.0007396000760268175,0.2772397094430993
1.255990892839411e-05,69.30890798162292,0.00028985872960561056,248680000.0,0.0007400495361060617,0.2784503631961259
1.2571487330222907e-05,69.17558034711911,0.0002910901663798009,248200000.0,0.0007405056238002062,0.2796610169491525
1.2580277308342557e-05,69.01279816073406,0.0002924091198338452,247610000.0,0.0007409941250794818,0.28087167070217917
1.2580603675177468e-05,68.8187679675772,0.00029363234960757303,246900000.0,0.0007414471731438255,0.2820823244552058
1.2578728457274076e-05,68.62068666906258,0.0002948036124209639,246190000.0,0.0007418809741858222,0.28329297820823246
1.2589280786371499e-05,68.49361034341494,0.0002959552291166967,245730000.0,0.0007423074988879454,0.2845036319612591
1.2596304865133492e-05,68.34072375281457,0.00029714477822998696,245180000.0,0.0007427480726336084,0.2857142857142857
1.2608012050056359e-05,68.20535262490388,0.00029838426535342414,244680000.0,0.0007432071419385852,0.28692493946731235
1.261654476562856e-05,68.04182448845131,0.00029969314458205544,244090000.0,0.0007436919120232634,0.288135593220339
1.2623528349158265e-05,67.8818861145618,0.00030093037377029063,243510000.0,0.0007441501450559431,0.28934624697336564
1.263529262634787e-05,67.74297934938281,0.0003021960702809434,243010000.0,0.0007446189215413701,0.29055690072639223
1.2640825283508456e-05,67.57308060033246,0.0003034449201872997,242400000.0,0.0007450814585437243,0.2917675544794189
1.2642750310402046e-05,67.37066979471587,0.0003047692267064632,241670000.0,0.0007455719424397108,0.2929782082324455
1.26550091426437e-05,67.23499699019553,0.0003060319494403194,241170000.0,0.0007460396175263242,0.29418886198547217
1.2642068537523096e-05,66.99951167822351,0.0003070781447546367,240330000.0,0.0007464270972723676,0.29539951573849876
1.2649340785644592e-05,66.85072199775924,0.0003082500037719358,239790000.0,0.0007468611191306265,0.2966101694915254
1.2660075361857761e-05,66.7069141435006,0.00030950675229926496,239270000.0,0.0007473265815481559,0.29782082324455206
1.266852275123097e-05,66.54918585161676,0.0003107757444898369,238700000.0,0.0007477965786557751,0.2990314769975787
1.26741984350297e-05,66.38270337226066,0.00031200891594224014,238090000.0,0.0007482533088233319,0.30024213075060535
1.2681265095684575e-05,66.21944218428969,0.00031326793403784506,237500000.0,0.000748719611821704,0.30145278450363194
1.2687438274505598e-05,66.04602766992868,0.0003145622336757081,236880000.0,0.0007491989820579496,0.3026634382566586
1.2694076266700463e-05,65.8766759955749,0.0003158461063714186,236270000.0,0.0007496744904637683,0.30387409200968524
1.2701721900616473e-05,65.71218374920912,0.0003171317725229712,235670000.0,0.0007501506631124914,0.3050847457627119
1.2709682169352581e-05,65.55467645405709,0.00031838334308035464,235100000.0,0.0007506142077633742,0.3062953995157385
1.2714286796992404e-05,65.37943075361729,0.0003196378724553992,234470000.0,0.00075107884827265,0.3075060532687651
1.2718891730077812e-05,65.20261229797364,0.00032090420574309373,233830000.0,0.0007515478606014258,0.30871670702179177
1.2727616769806774e-05,65.04893726257659,0.0003221609267699106,233270000.0,0.0007520133128335802,0.3099273607748184
1.2739684287252827e-05,64.89235807567788,0.0003235425762702202,232710000.0,0.0007525250348707318,0.31113801452784506
1.2749001453937547e-05,64.73492962937213,0.0003248381566147642,232140000.0,0.0007530048794427852,0.31234866828087166
1.273701728389954e-05,64.49547201719345,0.0003259648596274403,231280000.0,0.0007534221768548874,0.3135593220338983
1.2727281045295916e-05,64.27541189102234,0.00032704051359629463,230480000.0,0.0007538205672137224,0.31476997578692495
1.2749694038770613e-05,64.20149372694488,0.00032822413283430986,230210000.0,0.0007542589447092836,0.3159806295399516
1.2775483078782058e-05,64.10729324535313,0.00032964426765560507,229870000.0,0.0007547849205690226,0.3171912832929782
1.277750814271649e-05,63.91254153203338,0.0003309523229073461,229170000.0,0.0007552693854770748,0.31840193704600483
1.2761469994954028e-05,63.642094653774116,0.0003321656581700494,228190000.0,0.0007557187689077057,0.3196125907990315
1.2751241457290606e-05,63.40152235763738,0.00033336376900737453,227330000.0,0.0007561625136622705,0.32082324455205813
1.2743429383123395e-05,63.21097572808549,0.0003343204907680457,226640000.0,0.0007565168550551117,0.3220338983050847
1.2764090587484113e-05,63.1246953359169,0.00033551074768292823,226330000.0,0.0007569576909495126,0.32324455205811137
1.2809675896567895e-05,63.09454365551772,0.00033712877189415934,226220000.0,0.0007575569591758945,0.324455205811138
1.279081485604447e-05,62.83849103315934,0.00033815642217272423,225290000.0,0.0007579375703901778,0.32566585956416466
1.2779051048788466e-05,62.606532926532125,0.0003392572099701969,224460000.0,0.0007583452695744269,0.3268765133171913
1.2778121452883892e-05,62.41171278755039,0.00034046225079737514,223760000.0,0.0007587915809919004,0.3280871670702179
1.2786795345738185e-05,62.260088292785305,0.00034169354739327584,223210000.0,0.0007592476167681599,0.32929782082324455
1.2805232743608598e-05,62.157687238018056,0.0003429119459559258,222840000.0,0.0007596988754950672,0.3305084745762712
1.281432322136287e-05,61.96951452807099,0.00034438633578270304,222160000.0,0.000760244945801281,0.33171912832929784
1.2800356294148511e-05,61.70803929837068,0.0003456110070719527,221220000.0,0.0007606985277602624,0.33292978208232443
1.2786306161166771e-05,61.439320926417025,0.0003468820929355385,220250000.0,0.0007611693003023312,0.3341404358353511
1.2780653638376187e-05,61.2351603249258,0.000348005357000919,219520000.0,0.00076158532403025,0.3353510895883777
1.2779373528133624e-05,61.05458267670985,0.00034910626954503377,218870000.0,0.0007619930694169591,0.3365617433414044
1.279988875922588e-05,60.96534000434044,0.0003502854441213912,218550000.0,0.0007624298007415359,0.33777239709443097
1.2792087164238901e-05,60.74721961397939,0.0003514258672428261,217760000.0,0.0007628521796754007,0.3389830508474576
1.2799525758247874e-05,60.61436634933152,0.0003524910648071782,217280000.0,0.0007632466972918274,0.34019370460048426
1.2785256662600412e-05,60.368477900444894,0.00035362180897256914,216400000.0,0.0007636654914271574,0.3414043583535109
1.2800027793886075e-05,60.2303795178813,0.0003549393007015531,215900000.0,0.0007641534513267811,0.34261501210653755
1.2815025796978804e-05,60.093198103847755,0.0003562523561810549,215400000.0,0.000764639768171041,0.34382566585956414
1.2822886598886879e-05,59.911231893661835,0.00035763421503899064,214750000.0,0.0007651515677480542,0.3450363196125908
1.2820676789424305e-05,59.7071762477284,0.00035886465150921824,214010000.0,0.0007656072849592496,0.34624697336561744
1.2808875211695618e-05,59.4767697443869,0.00035998202796155886,213180000.0,0.0007660211280897461,0.3474576271186441
1.280159498369097e-05,59.25247135433489,0.00036119527567166234,212380000.0,0.0007664704790934882,0.3486682808716707
1.2810344067954326e-05,59.10397688753823,0.0003623933226696092,211840000.0,0.0007669142002038389,0.3498789346246973
1.280321982452219e-05,58.91451792091132,0.0003633835439363571,211160000.0,0.0007672809488211529,0.35108958837772397
1.2832738471858035e-05,58.823489233097966,0.00036482360447306217,210830000.0,0.0007678143045754881,0.3523002421307506
1.282142934424706e-05,58.59027508926194,0.00036598704241454303,209990000.0,0.0007682452075167774,0.35351089588377727
1.2844536966619717e-05,58.46537010037872,0.0003674649272428834,209540000.0,0.0007687925722680146,0.35472154963680386
1.281784463010225e-05,58.17090551675118,0.00036858128982216034,208480000.0,0.000769206039889969,0.3559322033898305
1.2827984639374073e-05,58.0147436335792,0.0003698751866891348,207920000.0,0.0007696852609518114,0.35714285714285715
1.2844738485285031e-05,57.85601782249505,0.0003713622520035389,207350000.0,0.0007702360258830722,0.3583535108958838
1.2834885254744756e-05,57.592951236182564,0.000372751066783946,206400000.0,0.0007707504017276674,0.3595641646489104
1.2840067951350776e-05,57.38056758370441,0.0003742475384392492,205640000.0,0.0007713046504888907,0.36077481840193704
1.285049627486022e-05,57.19319450066738,0.0003757391646064572,204960000.0,0.0007718571046248937,0.3619854721549637
1.285049627486022e-05,13.225323169249952,nan,nan,nan,nan
1.7534341281886766e-05,18.045787886537898,0.0004972684867393511,64589000.0,0.0008168679646741137,0.46731234866828086
2.0237467674917333e-05,20.60289846576489,0.000499306806990937,73741000.0,0.000817622898100627,0.4685230024213075
2.0825972005096635e-05,21.040778503951714,0.0005009504198471775,75309000.0,0.0008182316436029383,0.46973365617433416
2.089388983794208e-05,20.99929942956004,0.0005021013093598326,75161000.0,0.0008186578989779958,0.47094430992736075
2.0920368265045665e-05,20.927487265235822,0.0005031315824912079,74904000.0,0.0008190394816192458,0.4721549636803874
2.0997390171949632e-05,20.893535015148444,0.000504295189733798,74783000.0,0.0008194704472646496,0.47336561743341404
2.1013836600117883e-05,20.807254020581595,0.0005053781217940872,74474000.0,0.0008198715332129048,0.4745762711864407
2.109290039236849e-05,20.75768155615496,0.0005067227675143502,74297000.0,0.0008203695501463355,0.47578692493946734
2.1131038414314913e-05,20.684046150021455,0.0005078953454367108,74034000.0,0.0008208038382657284,0.47699757869249393
2.1178383740680975e-05,20.62176358554222,0.0005090431253955523,73811000.0,0.0008212289419541882,0.4782082324455206
2.1222464509293136e-05,20.534325548850497,0.0005104287291331531,73498000.0,0.00082174212852367,0.4794188861985472
2.1226278045542072e-05,20.436136121992487,0.0005115120571857248,73147000.0,0.0008221433611357335,0.48062953995157387
2.1263053690107332e-05,20.35249684220684,0.0005127761905888085,72848000.0,0.0008226115586924312,0.48184019370460046
2.134455937323455e-05,20.306035961417084,0.0005140997955002189,72682000.0,0.0008231017827336944,0.4830508474576271
2.138477923212039e-05,20.2175207150769,0.0005154609098775649,72366000.0,0.0008236058991697485,0.48426150121065376
2.1371682042142774e-05,20.095414673077077,0.0005166372603757443,71929000.0,0.0008240415845394445,0.4854721549636804
2.1397820456707766e-05,20.01031546045746,0.000517811667743811,71625000.0,0.000824476550231321,0.48668280871670705
2.1426895774154367e-05,19.944795177139063,0.0005188055325065336,71390000.0,0.0008248446482915886,0.48789346246973364
2.149335979515687e-05,19.885717380077672,0.000520102255842664,71179000.0,0.0008253249161938592,0.4891041162227603
2.1529970957870268e-05,19.799647457232346,0.000521393012909805,70872000.0,0.0008258029743668743,0.49031476997578693
2.1571845434164e-05,19.7312984452195,0.0005225438733730985,70627000.0,0.000826229218982909,0.4915254237288136
2.1627831100554803e-05,19.66908060652364,0.0005237665569663963,70405000.0,0.0008266820647582045,0.4927360774818402
2.164506776723299e-05,19.571535437128535,0.0005249909530847962,70056000.0,0.0008271355448020563,0.4939467312348668
2.162526764025236e-05,19.461134418472927,0.0005259945654551834,69661000.0,0.0008275072530873849,0.49515738498789347
2.1662625067885655e-05,19.399751254066235,0.0005270237550477663,69442000.0,0.0008278884344179711,0.4963680387409201
2.175883333383556e-05,19.361406443822805,0.0005283770736815252,69305000.0,0.0008283896635415856,0.4975786924939467
2.1789900410795475e-05,19.274532661773854,0.0005296285351437895,68994000.0,0.0008288531677868687,0.49878934624697335
2.184193439648312e-05,19.19827880153126,0.0005309641410234272,68722000.0,0.0008293478366311789,0.5
2.1872947849284144e-05,19.103797763348584,0.0005322961538136691,68384000.0,0.0008298411747016388,0.5012106537530266
2.193779053219651e-05,19.022814150166862,0.0005338023678878452,68094000.0,0.0008303990317661485,0.5024213075060533
2.2003286772537983e-05,18.952975176152798,0.0005351934030054157,67845000.0,0.0008309142299578414,0.5036319612590799
2.2023650666970067e-05,18.849315049007494,0.0005365295353493074,67474000.0,0.0008314090937889123,0.5048426150121066
2.208011163148014e-05,18.76355407486264,0.0005380090089989871,67167000.0,0.0008319570469924974,0.5060532687651331
2.2031913598505868e-05,18.634528372269518,0.0005389864601037284,66706000.0,0.0008323190659201793,0.5072639225181598
2.2096165377475077e-05,18.567958107393576,0.0005403198222403085,66468000.0,0.0008328129037485423,0.5084745762711864
2.2133743476587186e-05,18.49075219506482,0.0005415217612127452,66192000.0,0.0008332580663309263,0.5096852300242131
2.2163222255676294e-05,18.416368934526723,0.0005426177474037965,65926000.0,0.0008336639871424268,0.5108958837772397
2.2238132519504592e-05,18.366702228431674,0.000543858272406962,65748000.0,0.000834123440847303,0.5121065375302664
2.2271626941353884e-05,18.28008665203404,0.0005451282882294347,65439000.0,0.0008345938170778483,0.513317191283293
2.2308458284718602e-05,18.19401716060765,0.0005464234411339484,65131000.0,0.0008350735033387794,0.5145278450363197
2.231821796059268e-05,18.104180741570644,0.0005475158328835686,64810000.0,0.0008354780928756758,0.5157384987893463
2.2318900242155045e-05,18.017570276841838,0.0005484907125490213,64500000.0,0.0008358391594184359,0.5169491525423728
2.236361571994078e-05,17.958200911587685,0.0005495565660154025,64288000.0,0.0008362339199615401,0.5181598062953995
2.236735869620415e-05,17.869568225360094,0.0005505817171821934,63971000.0,0.0008366136055788701,0.5193704600484261
2.2436662671326544e-05,17.81470209393048,0.000551817776835132,63775000.0,0.0008370714054503288,0.5205811138014528
2.249838965664421e-05,17.75192251824157,0.0005530772631483551,63550000.0,0.0008375378818626337,0.5217917675544794
2.2504423244910887e-05,17.669367392141837,0.0005540623445832691,63255000.0,0.0008379027268385278,0.5230024213075061
2.261438521022883e-05,17.63106797370454,0.0005554678932862456,63118000.0,0.0008384233004322228,0.5242130750605327
2.267317446545611e-05,17.556963053092048,0.0005568266664820829,62853000.0,0.0008389265497640144,0.5254237288135594
2.266886155995724e-05,17.45730445582814,0.0005579202378569379,62497000.0,0.0008393315761991458,0.5266343825665859
2.266059081607529e-05,17.362130494616967,0.0005589285589838347,62156000.0,0.0008397050284683668,0.5278450363196125
2.2712173482807718e-05,17.293777565437235,0.0005601545508234129,61912000.0,0.0008401590995200625,0.5290556900726392
2.276799934069766e-05,17.231721538920443,0.000561343568019967,61690000.0,0.000840599476259527,0.5302663438256658
2.2794039666036303e-05,17.144186900741175,0.0005625657447073706,61377000.0,0.0008410521342918987,0.5314769975786925
2.283184201195164e-05,17.07268709323481,0.0005637062085697364,61121000.0,0.0008414745283149972,0.5326876513317191
2.2933526529986927e-05,17.02741416072836,0.0005650956233660183,60960000.0,0.0008419891263876942,0.5338983050847458
2.300691183841771e-05,16.952879917435293,0.000566582169746372,60693000.0,0.0008425396991211584,0.5351089588377724
2.2993678992708072e-05,16.85213193250418,0.0005676299217327263,60333000.0,0.0008429277554124008,0.5363196125907991
2.2975462531123664e-05,16.747219451089922,0.0005686829853623423,59957000.0,0.0008433177789789252,0.5375302663438256
2.3019095474740836e-05,16.68228581462319,0.0005697988276510926,59725000.0,0.0008437310539006846,0.5387409200968523
2.3051107640242334e-05,16.618033583973403,0.0005708087225150385,59495000.0,0.0008441050890354793,0.5399515738498789
2.314946555221287e-05,16.567610749473126,0.0005722113272376124,59315000.0,0.0008446245722660623,0.5411622276029056
2.319660102643713e-05,16.484097939055946,0.0005735739287010317,59017000.0,0.0008451292394747362,0.5423728813559322
2.3209502802256117e-05,16.38494250762577,0.0005748332255167314,58662000.0,0.000845595645702773,0.5435835351089588
2.3281029578585098e-05,16.326042854657082,0.0005761064997118259,58451000.0,0.0008460672287379932,0.5447941888619855
2.3358888005215874e-05,16.252749918936697,0.0005776002457360528,58189000.0,0.0008466204680062254,0.5460048426150121
2.3361269297047558e-05,16.164712074979047,0.0005786556077158465,57874000.0,0.0008470113428135565,0.5472154963680388
2.3368013416889877e-05,16.067235559964065,0.0005798541221592037,57526000.0,0.0008474552370518369,0.5484261501210653
2.3438928960466177e-05,16.007948584722694,0.0005811233459071445,57314000.0,0.0008479253199214446,0.549636803874092
2.3445292005855897e-05,15.923490984438954,0.0005821702042732806,57012000.0,0.0008483130452422357,0.5508474576271186
2.3481866847229205e-05,15.858390409689164,0.000583229901630975,56779000.0,0.0008487055257450855,0.5520581113801453
2.3548499029940484e-05,15.803851169280732,0.0005844046993691694,56584000.0,0.0008491406360184909,0.5532687651331719
2.361224666959531e-05,15.740802530873365,0.0005856599774893105,56358000.0,0.0008496055538407654,0.5544794188861986
2.362738116411075e-05,15.658506702317357,0.0005867568230032192,56064000.0,0.0008500117929199908,0.5556900726392252
2.373975718168578e-05,15.615530534900605,0.0005881501082276022,55910000.0,0.0008505278244845771,0.5569007263922519
2.373301508866538e-05,15.5148246098514,0.0005893021658123333,55550000.0,0.0008509545124789218,0.5581113801452785
2.3747365238800302e-05,15.42256996600007,0.0005905134434765542,55220000.0,0.0008514031338360408,0.559322033898305
2.3761367905696114e-05,15.345483688067288,0.0005915401184470452,54944000.0,0.0008517833838251115,0.5605326876513317
2.3825402380946145e-05,15.287573032136626,0.0005927238915521839,54737000.0,0.0008522218183084963,0.5617433414043583
2.3836313470060548e-05,15.21001951703468,0.0005937341817865694,54460000.0,0.0008525959998767871,0.562953995157385
2.386632310562254e-05,15.14468978981653,0.0005947449550707882,54226000.0,0.0008529703603524237,0.5641646489104116
2.3894241723861798e-05,15.07764585765662,0.0005957595210545246,53986000.0,0.0008533461255315853,0.5653753026634383
2.3983544772830674e-05,15.035824716881319,0.0005969387204576365,53837000.0,0.0008537828660512564,0.5665859564164649
2.4046143221010297e-05,14.975304706269206,0.0005981403216060732,53621000.0,0.0008542279035136404,0.5677966101694916
2.4115027486175308e-05,14.917249243195402,0.00059935914627563,53413000.0,0.0008546793200579207,0.5690072639225182
2.4178916427396146e-05,14.860150251111646,0.0006005313144662891,53209000.0,0.0008551134564248315,0.5702179176755447
2.4147898400859024e-05,14.769936563290337,0.0006013987429437764,52886000.0,0.0008554347262313082,0.5714285714285714
2.4156904332197204e-05,14.689708353709861,0.0006024406439209953,52599000.0,0.0008558206154821301,0.572639225181598
2.419447269132677e-05,14.632241035003357,0.0006034166663992018,52393000.0,0.0008561821052888731,0.5738498789346247
2.4308816751302812e-05,14.597017914093083,0.0006046850461918659,52267000.0,0.0008566518755824525,0.5750605326876513
2.4348809918696208e-05,14.519335614658791,0.0006059251419501548,51990000.0,0.0008571111703077447,0.576271186440678
2.4387585459172863e-05,14.440265551613154,0.0006071741728906432,51707000.0,0.0008575737743597774,0.5774818401937046
2.4391676319333877e-05,14.350568029555353,0.0006083028895488507,51386000.0,0.000857991817566521,0.5786924939467313
2.4435874308635455e-05,14.283112573012552,0.0006094473792425333,51145000.0,0.0008584157026382553,0.5799031476997578
2.445899070357672e-05,14.208630711129107,0.0006105282913398273,50878000.0,0.0008588160404520679,0.5811138014527845
2.4553729105550684e-05,14.166200823350202,0.0006117250360535045,50727000.0,0.0008592592792349113,0.5823244552058111
2.465652989467209e-05,14.11232461904306,0.0006131226614593835,50534000.0,0.0008597769182741257,0.5835351089588378
2.466824810728564e-05,14.026303055768594,0.0006142701002021514,50226000.0,0.0008602018955862619,0.5847457627118644
2.4704838418554685e-05,13.949763759379637,0.0006154771779375303,49952000.0,0.00086064896141418,0.585956416464891
2.4748510704528137e-05,13.889708274948854,0.0006165290047334411,49738000.0,0.000861038526894147,0.5871670702179177
2.482023912099831e-05,13.844951243765834,0.0006175861978064763,49578000.0,0.0008614300798841601,0.5883777239709443
2.4965490812973413e-05,13.79605266867648,0.0006192070921275326,49403000.0,0.0008620304111141809,0.589588377723971
2.4927736830573573e-05,13.686207357964141,0.000620326793284872,49010000.0,0.0008624451152465288,0.5907990314769975
2.501223138169296e-05,13.618719467824057,0.0006217526288137081,48768000.0,0.0008629732024794311,0.5920096852300242
2.5079826632675483e-05,13.549370182417585,0.0006230864924773068,48520000.0,0.0008634672260585417,0.5932203389830508
2.5049226922669298e-05,13.448639900552713,0.0006241453958543324,48160000.0,0.0008638594124944771,0.5944309927360775
2.5127143449902583e-05,13.39244537852834,0.0006253775443450049,47959000.0,0.0008643157637873188,0.5956416464891041
2.5187860215098373e-05,13.33561958010252,0.0006265051928750074,47756000.0,0.0008647334113910235,0.5968523002421308
2.5206685020694583e-05,13.258958316931404,0.0006276014046670482,47481000.0,0.0008651394157584459,0.5980629539951574
2.5354080460395116e-05,13.212267721931909,0.0006291742284815172,47315000.0,0.0008657219430971381,0.5992736077481841
2.5456711618597228e-05,13.146836769010424,0.0006306916404221265,47081000.0,0.000866283947519586,0.6004842615012107
2.5525574813038077e-05,13.056396000224266,0.0006323048459935712,46757000.0,0.0008668814310645656,0.6016949152542372
2.5544598399478872e-05,12.962696192761625,0.0006336370557836837,46422000.0,0.0008673748420979406,0.6029055690072639
2.564756507235057e-05,12.90016453317398,0.0006351115177098988,46198000.0,0.0008679209391076498,0.6041162227602905
2.5683448949111968e-05,12.818917661321791,0.0006363936771266024,45908000.0,0.0008683958129656883,0.6053268765133172
2.5703350268714885e-05,12.722854935539509,0.0006377611596249446,45564000.0,0.0008689022879650743,0.6065375302663438
2.5796217880397956e-05,12.648421661217382,0.0006393187135411087,45298000.0,0.0008694791597858758,0.6077481840193705
2.5816793439251257e-05,12.557355754095504,0.000640632548499791,44972000.0,0.0008699657653261284,0.6089588377723971
2.582277632325142e-05,12.485502401630256,0.0006416029176001002,44715000.0,0.0008703251612892059,0.6101694915254238
2.58449913063843e-05,12.41666377409715,0.000642635631284477,44468000.0,0.0008707076478389751,0.6113801452784504
2.591441937159466e-05,12.35880425522868,0.0006438221814287552,44261000.0,0.0008711471108553745,0.612590799031477
2.5991524138629724e-05,12.297021826291951,0.000645108470905837,44040000.0,0.0008716235143654047,0.6138014527845036
2.6066800898579685e-05,12.23664539299902,0.0006463641603352781,43824000.0,0.000872088584524457,0.6150121065375302
2.6111436559256648e-05,12.16569036355285,0.0006475695364386627,43571000.0,0.0008725350201183032,0.6162227602905569
2.6122180977260283e-05,12.097350605491215,0.0006485337564601709,43326000.0,0.0008728921386447877,0.6174334140435835
2.6123782927873554e-05,12.027467579119032,0.0006494615813575573,43076000.0,0.0008732357774956716,0.6186440677966102
2.621666226715496e-05,11.985451462428152,0.0006505767290625845,42926000.0,0.0008736487951642002,0.6198547215496368
2.6295536130562805e-05,11.930672064689317,0.0006517762116369883,42730000.0,0.0008740930479695349,0.6210653753026635
2.6368465806293255e-05,11.864461778833325,0.0006530899842964044,42493000.0,0.0008745796304359853,0.6222760290556901
2.641830715026204e-05,11.800571925286645,0.0006542346615315373,42264000.0,0.000875003584967516,0.6234866828087167
2.6518032204384605e-05,11.738237639790142,0.0006556593865876872,42041000.0,0.0008755312609142382,0.6246973365617433
2.655325102483427e-05,11.6681828132962,0.0006568042377155834,41791000.0,0.0008759552798504961,0.62590799031477
2.6608382393130822e-05,11.595100045298043,0.0006581049820459932,41529000.0,0.0008764370370099071,0.6271186440677966
2.6637910827897035e-05,11.525455739176584,0.0006592096504194096,41280000.0,0.0008768461734445057,0.6283292978208233
2.6735608164089354e-05,11.469557137329257,0.0006605253846341572,41080000.0,0.0008773334824129308,0.6295399515738499
2.678328782727516e-05,11.399780999416874,0.0006617384976290648,40830000.0,0.0008777827835221558,0.6307506053268765
2.6780257574158543e-05,11.32355828156147,0.0006627480046751422,40557000.0,0.000878156675020703,0.6319612590799032
2.6815210078084814e-05,11.264936154195336,0.0006637366692735562,40348000.0,0.0008785228470941897,0.6331719128329297
2.6926596481023495e-05,11.222841418854495,0.0006649364181411675,40197000.0,0.0008789671985266383,0.6343825665859564
2.701338999030184e-05,11.167146587095495,0.0006661822181202153,39998000.0,0.0008794286059262856,0.635593220338983
2.7053634072228208e-05,11.099280098087528,0.0006673311898210726,39755000.0,0.0008798541510006771,0.6368038740920097
2.7075990184289083e-05,11.032916581327138,0.0006683596272046173,39518000.0,0.0008802350537353234,0.6380145278450363
2.7224293029611022e-05,10.981863993250956,0.0006698784468789394,39335000.0,0.0008807975795406278,0.639225181598063
2.7323320066568517e-05,10.923929031749607,0.0006712207508584327,39128000.0,0.0008812947291626625,0.6404358353510896
2.7386974870591637e-05,10.847907943448018,0.000672616206511488,38856000.0,0.00088181156458972,0.6416464891041163
2.7349753783828526e-05,10.756700800371691,0.0006736695181052843,38529000.0,0.0008822016799948296,0.6428571428571429
2.7443271413275814e-05,10.703706285405492,0.0006749052002469709,38340000.0,0.0008826593400473062,0.6440677966101694
2.7503965418383604e-05,10.642022477672914,0.0006760859741635117,38119000.0,0.000883096663720099,0.6452784503631961
2.7582142237305306e-05,10.580717640540081,0.0006773540402470548,37900000.0,0.0008835663178251151,0.6464891041162227
2.7642526009228844e-05,10.518895897819853,0.0006785342148526867,37678000.0,0.0008840034195309047,0.6476997578692494
2.7711110965655043e-05,10.460015567975423,0.000679716703153117,37468000.0,0.0008844413781606936,0.648910411622276
2.7780974865492813e-05,10.398089228396781,0.0006809481114410105,37246000.0,0.000884897455304358,0.6501210653753027
2.7829320418205387e-05,10.331780894197175,0.0006821306211567864,37009000.0,0.0008853354218657564,0.6513317191283293
2.7898003773905274e-05,10.273126747553732,0.0006833106474672364,36799000.0,0.0008857724686474045,0.652542372881356
2.7966055984553466e-05,10.210366769140943,0.0006845441174692191,36574000.0,0.0008862293093888796,0.6537530266343826
2.8027355551524178e-05,10.15116727197078,0.0006856930960408794,36363000.0,0.000886654857008013,0.6549636803874092
2.8107523807554166e-05,10.098163650027825,0.0006868512025117548,36173000.0,0.0008870837853305595,0.6561743341404358
2.8173747719229285e-05,10.036918627891934,0.0006880545133881304,35954000.0,0.0008875294560255134,0.6573849878934624
2.8221642069008502e-05,9.971600361097494,0.000689225122148029,35720000.0,0.0008879630148254759,0.6585956416464891
2.8290484740975223e-05,9.913040810861467,0.0006904040039310706,35510000.0,0.0008883996377080838,0.6598062953995157
2.8361993554319497e-05,9.851814071606205,0.0006916333709938507,35291000.0,0.0008888549588424469,0.6610169491525424
2.8427042404040908e-05,9.792880127752003,0.0006927983080284763,35080000.0,0.0008892864170034193,0.662227602905569
2.851241878042989e-05,9.74243642165331,0.0006939422816431189,34900000.0,0.0008897101109347685,0.6634382566585957
2.857860570352526e-05,9.682043107850086,0.000695134125627106,34684000.0,0.0008901515346325414,0.6646489104116223
2.8631586309322304e-05,9.618070780284704,0.0006963152854516173,34455000.0,0.0008905890012342123,0.6658595641646489
2.8702103663471034e-05,9.560554289023013,0.0006974875132771227,34249000.0,0.0008910231596881032,0.6670702179176755
2.8776513600688024e-05,9.50080950210188,0.0006987098753757053,34035000.0,0.0008914758863912819,0.6682808716707022
2.8841890218726897e-05,9.44178608162233,0.0006998787988889052,33824000.0,0.0008919088210258004,0.6694915254237288
2.8923784904564938e-05,9.38978075176999,0.0007010245366505301,33638000.0,0.0008923331683449207,0.6707021791767555
2.8996713890845393e-05,9.33245095968561,0.0007022047867082164,33433000.0,0.0008927702979959157,0.6719128329297821
2.905763689205394e-05,9.271334292351032,0.0007033863234465807,33214000.0,0.0008932079041953098,0.6731234866828087
2.9129840306179262e-05,9.21449694501861,0.0007045570180892011,33010000.0,0.0008936414948036877,0.6743341404358354
2.9202783774704375e-05,9.15409244790967,0.0007057824603865579,32794000.0,0.0008940953623212273,0.6755447941888619
2.926804136220494e-05,9.095020111718146,0.0007069531404318629,32583000.0,0.0008945289475231922,0.6767554479418886
2.9354781104192148e-05,9.044972351392722,0.0007080894879828872,32404000.0,0.0008949498169865344,0.6779661016949152
2.9439945871625596e-05,8.990224314084694,0.0007092873176119805,32208000.0,0.0008953934575899024,0.6791767554479419
2.951208478874365e-05,8.931677657468715,0.0007104846082586533,31998000.0,0.0008958368985701516,0.6803874092009685
2.9620371866786338e-05,8.876245768367214,0.0007117977506424924,31800000.0,0.0008963232476012031,0.6815980629539952
2.968751359875863e-05,8.809469333618603,0.0007130966140460844,31561000.0,0.000896804308121052,0.6828087167070218
2.9826225323824478e-05,8.741933244066905,0.0007147247757751103,31319000.0,0.0008974073309836541,0.6840193704600485
2.9878674599412902e-05,8.679753213907038,0.0007158922672224266,31097000.0,0.0008978397352234009,0.6852300242130751
2.9888214482058388e-05,8.602276810065701,0.0007170988083354662,30819000.0,0.0008982866023023045,0.6864406779661016
2.994725190355713e-05,8.55111479109749,0.000718127642274272,30636000.0,0.0008986676519092695,0.6876513317191283
3.006250837830298e-05,8.505438243807358,0.0007193145538218681,30473000.0,0.0008991072487787497,0.6888619854721549
3.023397448234975e-05,8.454046665526766,0.0007208298246753056,30289000.0,0.0008996684602059487,0.6900726392251816
3.025112721520515e-05,8.378745629767241,0.0007220532140234371,30019000.0,0.0009001215673719232,0.6912832929782082
3.0275259750843292e-05,8.308818566356345,0.000723221766344345,29769000.0,0.0009005543645278151,0.6924939467312349
3.0388402392802345e-05,8.257333895110415,0.0007244820983059812,29584000.0,0.0009010211541432359,0.6937046004842615
3.0488766916732306e-05,8.197056835522105,0.0007258260905038636,29369000.0,0.0009015189290313405,0.6949152542372882
3.0508969794193488e-05,8.132001729599741,0.0007269113800426372,29136000.0,0.0009019208881197752,0.6961259079903148
3.059099222736215e-05,8.086102068704951,0.0007279549050612828,28971000.0,0.0009023073788674217,0.6973365617433414
3.072791061595999e-05,8.039747672712025,0.000729229853531936,28806000.0,0.0009027795820047007,0.698547215496368
3.0828069216261266e-05,7.982514839536682,0.0007305224719581882,28601000.0,0.0009032583295699793,0.6997578692493946
3.094048846202785e-05,7.927568854295611,0.0007318345218492092,28404000.0,0.0009037442739740612,0.7009685230024213
3.096138206783833e-05,7.866301042005585,0.0007328748766459232,28185000.0,0.0009041295905654367,0.7021791767554479
3.1154928654224164e-05,7.811685678947425,0.0007344988862988773,27989000.0,0.0009047310756220864,0.7033898305084746
3.122825045275028e-05,7.746308569251081,0.0007358183467025943,27755000.0,0.0009052197646605,0.7046004842615012
3.1275272203133184e-05,7.684939678580929,0.0007369703181291052,27535000.0,0.000905646420744393,0.7058111380145279
3.140897249634327e-05,7.629360894087677,0.0007383675778699437,27336000.0,0.0009061639243521109,0.7070217917675545
3.146953857819312e-05,7.574054265159031,0.0007394794187396206,27138000.0,0.000906575717266806,0.7082324455205811
3.1551303061069665e-05,7.517952768500314,0.0007406846863418673,26937000.0,0.0009070221126750456,0.7094430992736077
3.166523040538605e-05,7.459826789607263,0.0007420456777978824,26729000.0,0.0009075261835846808,0.7106537530266344
3.1670509280424005e-05,7.393547448814107,0.0007431273391520619,26492000.0,0.0009079267989010436,0.711864406779661
3.177970498529671e-05,7.347566460876512,0.0007442706975263223,26327000.0,0.0009083502649655845,0.7130750605326877
3.1879177543403784e-05,7.29277263320778,0.0007455212344634532,26131000.0,0.0009088134267941515,0.7142857142857143
3.195564948090764e-05,7.2346894135394795,0.0007467397106570135,25923000.0,0.0009092647142732479,0.715496368038741
3.204860159210514e-05,7.181869599776075,0.0007479329858156407,25734000.0,0.0009097066680357024,0.7167070217917676
3.212602113262154e-05,7.128408188542864,0.0007490797714762856,25543000.0,0.0009101314034655709,0.7179176755447942
3.221593916055993e-05,7.076425749494528,0.0007502476466394948,25357000.0,0.0009105639498223151,0.7191283292978208
3.230807288707403e-05,7.024279895394002,0.0007514256899753349,25170000.0,0.0009110002621689224,0.7203389830508474
3.240268638024661e-05,6.971330171188425,0.0007526259581857664,24980000.0,0.0009114448059505637,0.7215496368038741
3.249116475392972e-05,6.916407051055748,0.0007538369989122371,24784000.0,0.0009118933395529604,0.7227602905569007
3.258171482023782e-05,6.865553280753089,0.0007549886090780934,24602000.0,0.0009123198618366108,0.7239709443099274
3.267845635389167e-05,6.818674529516857,0.0007560962020686199,24434000.0,0.0009127300814627318,0.725181598062954
3.278126258419807e-05,6.768377642990505,0.0007572806950748685,24254000.0,0.0009131687825761572,0.7263922518159807
3.287045592680285e-05,6.718300191031305,0.0007584152401456703,24074000.0,0.0009135889844542319,0.7276029055690073
3.2955157706326546e-05,6.6641934177805995,0.000759603416333789,23881000.0,0.0009140290497090907,0.7288135593220338
3.305050746634981e-05,6.612586971051164,0.0007607846942684593,23696000.0,0.0009144665600552649,0.7300242130750605
3.313137435180375e-05,6.564297208835605,0.0007618619862038272,23523000.0,0.000914865557068364,0.7312348668280871
3.324278955279589e-05,6.5228849325354,0.0007629253665535694,23375000.0,0.0009152594016423426,0.7324455205811138
3.333996292043886e-05,6.474718687267528,0.000764054408109001,23202000.0,0.0009156775651813914,0.7336561743341404
3.3446710133231764e-05,6.427759941680658,0.0007651957131818347,23034000.0,0.0009161002707639224,0.7348668280871671
3.355684455245961e-05,6.38042695263466,0.0007663548920236761,22864000.0,0.0009165295962609007,0.7360774818401937
3.364967314395754e-05,6.338053418039621,0.000767374208824672,22713000.0,0.0009169071210020103,0.7372881355932204
3.3720363545740274e-05,6.28942530260725,0.0007684298507057883,22539000.0,0.0009172980994764979,0.738498789346247
3.383984104850279e-05,6.245466799246204,0.0007695600034860419,22381000.0,0.0009177166745802954,0.7397094430992736
3.399146215558346e-05,6.20193575550067,0.0007707870861999609,22225000.0,0.0009181711496595248,0.7409200968523002
3.403353016113817e-05,6.145767273713261,0.0007718862266669544,22024000.0,0.0009185782387213741,0.7421307506053268
3.413116430848527e-05,6.106362123517441,0.0007728696016167014,21883000.0,0.0009189424516657249,0.7433414043583535
3.426255056853265e-05,6.058075412287801,0.0007741093059481603,21710000.0,0.000919401601418117,0.7445520581113801
3.42832718772119e-05,6.006733315672143,0.000775061245854733,21526000.0,0.0009197541717538847,0.7457627118644068
3.447685345577273e-05,5.964209690778454,0.0007763877489173324,21374000.0,0.0009202454691844771,0.7469733656174334
3.451564126306876e-05,5.90805683008097,0.0007774846542937159,21173000.0,0.0009206517304349896,0.7481840193704601
3.45767472942474e-05,5.859827901943292,0.000778509551069456,21000000.0,0.0009210313218334118,0.7493946731234867
3.4656251362569046e-05,5.816102402872417,0.0007795110124674332,20843000.0,0.0009214022334622922,0.7506053268765133
3.474308851080176e-05,5.773436354090915,0.0007805151416446905,20691000.0,0.0009217741331575727,0.7518159806295399
3.485604979706157e-05,5.739208952707309,0.000781447043163916,20568000.0,0.000922119281868397,0.7530266343825666
3.5026493636915435e-05,5.694637262580127,0.0007827301475667761,20409000.0,0.0009225945057213081,0.7542372881355932
3.518844232935501e-05,5.652660867513522,0.0007839423748989458,20258000.0,0.0009230434788072969,0.7554479418886199
3.5326407386358595e-05,5.610998481239393,0.0007850808512367102,20109000.0,0.0009234651367101726,0.7566585956416465
3.542658764066778e-05,5.559325804128671,0.0007862908390663854,19924000.0,0.0009239132803507931,0.7578692493946732
3.543566233946105e-05,5.5003044060985875,0.0007873736615152538,19712000.0,0.0009243143257022258,0.7590799031476998
3.549310415771038e-05,5.459270115631528,0.000788270528448785,19566000.0,0.0009246464986405707,0.7602905569007264
3.564950546308044e-05,5.419803662154431,0.0007894109730426924,19424000.0,0.000925068885527203,0.761501210653753
3.590034079031834e-05,5.379237424436947,0.0007908336968981957,19279000.0,0.0009255958202885006,0.7627118644067796
3.609017397509998e-05,5.325809058541815,0.0007923224766846704,19088000.0,0.0009261472202094171,0.7639225181598063
3.615521484449666e-05,5.27479693907168,0.0007934294273872808,18905000.0,0.0009265572019511247,0.7651331719128329
3.6143213404784874e-05,5.228321429254695,0.0007942470218214787,18738000.0,0.0009268600147045314,0.7663438256658596
3.6401674677595204e-05,5.189512620755851,0.0007956406093908259,18599000.0,0.000927376158248734,0.7675544794188862
3.6523117422058e-05,5.138809692577106,0.0007968922704588915,18418000.0,0.0009278397364220916,0.7687651331719129
3.6636758177144e-05,5.089864230921845,0.0007980943950530133,18242000.0,0.0009282849677532478,0.7699757869249395
3.672831117934984e-05,5.037908428206867,0.0007992956819192583,18056000.0,0.00092872988881482,0.7711864406779662
3.691210893050671e-05,4.990905547655752,0.0008006386752768986,17888000.0,0.0009292272937620942,0.7723970944309927
3.709767819964237e-05,4.9397774832494035,0.0008020647690790361,17705000.0,0.0009297554766517748,0.7736077481840193
3.719831063840286e-05,4.8793449232497705,0.0008034537503793744,17488000.0,0.0009302699141704186,0.774818401937046
3.736602305264409e-05,4.828045323754386,0.0008048343422565342,17305000.0,0.0009307812444952926,0.7760290556900726
3.7445185711379974e-05,4.777795581405023,0.0008059783910452265,17125000.0,0.0009312049662688823,0.7772397094430993
3.754344865249042e-05,4.733638568327755,0.0008070537151108686,16966000.0,0.0009316032344413423,0.7784503631961259
3.7710713338343875e-05,4.69281134158827,0.0008082314224474825,16820000.0,0.000932039422343792,0.7796610169491526
3.795716377746061e-05,4.651435290368097,0.0008096077287859793,16672000.0,0.0009325491654321241,0.7808716707021792
3.8100074056242175e-05,4.6001946466410795,0.0008109291384699646,16488000.0,0.0009330385764261928,0.7820823244552058
3.824203254475238e-05,4.554653427300635,0.0008121382544121296,16325000.0,0.0009334863971455132,0.7832929782082324
3.84368707317559e-05,4.504176223817113,0.0008135661346689762,16144000.0,0.000934015241685086,0.784503631961259
3.8595975807245234e-05,4.458315135253437,0.0008148253856353951,15980000.0,0.0009344816309319078,0.7857142857142857
3.86066351538381e-05,4.406916893300981,0.0008158550402328584,15796000.0,0.0009348629844865238,0.7869249394673123
3.871156327059983e-05,4.363806708546186,0.0008169332382099932,15641000.0,0.0009352623170706478,0.788135593220339
3.888567496282195e-05,4.326772325563836,0.0008180440876549113,15509000.0,0.0009356737427909878,0.7893462469733656
3.906487172778313e-05,4.289236923301628,0.0008191759816987334,15374000.0,0.0009360929628072182,0.7905569007263923
3.923885622046242e-05,4.237748390939257,0.0008205747246720981,15190000.0,0.0009366110157603163,0.7917675544794189
3.9295398748040184e-05,4.187514772413488,0.0008216968013907335,15010000.0,0.0009370265997301813,0.7929782082324455
3.9375898610612585e-05,4.144753665637675,0.0008227191387735786,14857000.0,0.0009374052432053091,0.7941888619854721
3.9652351322471954e-05,4.109714789320035,0.0008239992928919842,14731000.0,0.0009378793743602741,0.7953995157384988
3.982366596393272e-05,4.06161165355714,0.0008253244806916769,14559000.0,0.0009383701846564566,0.7966101694915254
3.990971913306701e-05,4.017999249399778,0.0008263834073942507,14403000.0,0.0009387623797314839,0.7978208232445521
4.011159266926203e-05,3.96693438444448,0.0008278269445354192,14220000.0,0.0009392970231171018,0.7990314769975787
4.026704299400234e-05,3.927147128356908,0.0008289484886030283,14077000.0,0.000939712409808809,0.8002421307506054
4.042735259826083e-05,3.8853423425991505,0.0008301211466404843,13927000.0,0.0009401467276004594,0.801452784503632
4.0463102824079514e-05,3.8437211703478322,0.0008310446055409342,13778000.0,0.0009404887494154408,0.8026634382566586
4.065572025023426e-05,3.8087303026252464,0.0008321365632792986,13653000.0,0.0009408931782074276,0.8038740920096852
4.079142209531118e-05,3.774509233182917,0.0008331038775380973,13530000.0,0.0009412514427477234,0.8050847457627118
4.1086061237869165e-05,3.7352619036912658,0.0008344802982132787,13390000.0,0.0009417612281829757,0.8062953995157385
4.124537327586565e-05,3.6932167796053035,0.0008356588483338086,13239000.0,0.0009421977282276164,0.8075060532687651
4.132155625236128e-05,3.6520401548137644,0.0008366629292253909,13091000.0,0.0009425696100393136,0.8087167070217918
4.148787761367356e-05,3.61216938863541,0.000837806632532216,12948000.0,0.0009429932038566562,0.8099273607748184
4.161902903436904e-05,3.572132709915293,0.0008388894195925807,12805000.0,0.0009433942361012357,0.8111380145278451
4.185542060062356e-05,3.5366543464558453,0.0008400666962772104,12678000.0,0.0009438302645029505,0.8123486682808717
4.211383380212429e-05,3.496466743495726,0.0008413835971365851,12534000.0,0.0009443180055619782,0.8135593220338984
4.230154838098868e-05,3.4632040184111808,0.000842427495683828,12415000.0,0.0009447046346535495,0.8147699757869249
4.265571775733599e-05,3.419537612718989,0.0008439859496583973,12258000.0,0.000945281839829316,0.8159806295399515
4.27725342306996e-05,3.373259592746804,0.0008451889454857477,12092000.0,0.0009457273938394458,0.8171912832929782
4.28723565555828e-05,3.335672156279896,0.0008461744369801942,11958000.0,0.0009460923906892408,0.8184019370460048
4.32958724657696e-05,3.294334252587006,0.0008477902539015508,11810000.0,0.0009466908414008543,0.8196125907990315
4.3283723311430044e-05,3.239894211496892,0.0008489673970221383,11615000.0,0.0009471268203344053,0.8208232445520581
4.341509085340714e-05,3.1951164173795634,0.0008501666248730517,11454000.0,0.0009475709787977065,0.8220338983050848
4.365510400424715e-05,3.1570571204588873,0.0008513936468518466,11318000.0,0.0009480254313824453,0.8232445520581114
4.399894211689644e-05,3.121591332697154,0.0008527308676266898,11191000.0,0.000948520698336091,0.8244552058111381
4.418531995629784e-05,3.079352547659937,0.0008539688503318961,11039000.0,0.0009489792104491303,0.8256658595641646
4.427711525628417e-05,3.039346695600999,0.0008550098659351924,10896000.0,0.0009493647717836846,0.8268765133171913
4.4447342588300484e-05,3.0041787182098894,0.0008560617732849978,10770000.0,0.0009497543670984273,0.8280871670702179
4.47507308809036e-05,2.9669382930852213,0.0008573646152172683,10636000.0,0.0009502369011474164,0.8292978208232445
4.494189687636803e-05,2.9283998632827855,0.0008585279095260545,10498000.0,0.0009506677508914112,0.8305084745762712
4.509662211254323e-05,2.8915443964855405,0.000859598196317743,10366000.0,0.0009510641534068514,0.8317191283292978
4.5295556611875195e-05,2.852397696470832,0.0008607864164346509,10226000.0,0.0009515042349316321,0.8329297820823245
4.5450827407553666e-05,2.817171465558478,0.0008618208954766944,10100000.0,0.0009518873753175741,0.8341404358353511
4.578341126977249e-05,2.7808510962071034,0.0008631339749614587,9969400.0,0.000952373701052672,0.8353510895883777
4.599120034945267e-05,2.743598618280431,0.0008642942682939743,9835900.0,0.0009528034393239741,0.8365617433414043
4.6193679118513015e-05,2.711892221838704,0.0008653164569075194,9722300.0,0.0009531820276993612,0.837772397094431
4.6473133671613106e-05,2.6762860163529596,0.0008665371787973481,9594700.0,0.0009536341469178163,0.8389830508474576
4.658926033928471e-05,2.6437895608846484,0.0008674619105557735,9478200.0,0.0009539766401616775,0.8401937046004843
4.671886928850514e-05,2.6092002861836465,0.0008684538748443269,9354200.0,0.0009543440343426232,0.8414043583535109
4.696235836514035e-05,2.574939069527841,0.000869588919970905,9231400.0,0.0009547644214265411,0.8426150121065376
4.721817844892264e-05,2.5423302092698776,0.0008707013294668768,9114600.0,0.0009551764249435677,0.8438256658595642
4.7515947610205224e-05,2.5065795229200347,0.0008719431392182524,8986400.0,0.0009556363544811142,0.8450363196125908
4.789245592255846e-05,2.4698668833849635,0.0008733076744512008,8854800.0,0.0009561417379007247,0.8462469733656174
4.8114003472367326e-05,2.430468959016723,0.0008745446851282304,8713600.0,0.0009565998900033282,0.847457627118644
4.8342213627194736e-05,2.3976247770016332,0.0008756296426093928,8595900.0,0.0009570017261074624,0.8486682808716707
4.858692596268641e-05,2.364584985961846,0.0008767387210476723,8477500.0,0.0009574124958994178,0.8498789346246973
4.8973337401266086e-05,2.325878599598751,0.0008781579898826011,8338800.0,0.0009579381510234655,0.851089588377724
4.917052116738557e-05,2.2876559140076558,0.0008793413207840399,8201800.0,0.0009583764217277022,0.8523002421307506
4.939862434546791e-05,2.254067417192296,0.0008804460534796581,8081400.0,0.0009587855819853385,0.8535108958837773
4.9764085845806355e-05,2.2190059445211614,0.0008817433108193674,7955700.0,0.0009592660476667122,0.8547215496368039
4.991908542733453e-05,2.1878393562237073,0.0008827063682787273,7844000.0,0.0009596227356146234,0.8559322033898306
5.01733183504251e-05,2.152935112043906,0.0008838730834590014,7718900.0,0.0009600548523480582,0.8571428571428571
5.050424235198463e-05,2.120423293196717,0.0008850641425531847,7602300.0,0.000960495985345904,0.8583535108958837
5.081375693834692e-05,2.088249428264104,0.0008862233737032859,7487000.0,0.0009609253302163117,0.8595641646489104
5.102300049280879e-05,2.0604156022884923,0.000887164877413813,7387200.0,0.0009612740352942848,0.860774818401937
5.119559902195126e-05,2.0294508276983976,0.0008881478161904117,7276200.0,0.0009616380866930251,0.8619854721549637
5.166396218120457e-05,1.9977522037219952,0.000889454834727073,7162600.0,0.0009621221676325292,0.8631961259079903
5.2053387723595815e-05,1.9641572687409992,0.0008907333601507923,7042200.0,0.0009625956955672401,0.864406779661017
5.219979113556029e-05,1.934140204438151,0.0008916743407275614,6934600.0,0.0009629442068919694,0.8656174334140436
5.2393470254203394e-05,1.9076644126705846,0.000892567135447556,6839700.0,0.0009632748716030784,0.8668280871670703
5.27180727088693e-05,1.8804875414443718,0.000893605572024637,6742200.0,0.0009636594777427381,0.8680387409200968
5.305711188383425e-05,1.8539021219018055,0.000894642162408851,6646900.0,0.0009640434001072618,0.8692493946731235
5.344224050599471e-05,1.8282890818335698,0.0008956949924310806,6555100.0,0.000964433337152532,0.8704600484261501
5.385760885990652e-05,1.7947083535879913,0.0008969956580697303,6434800.0,0.0009649150651668467,0.8716707021791767
5.417842182768612e-05,1.7572486467492359,0.0008983128977373034,6300500.0,0.0009654029317103923,0.8728813559322034
5.455214828487761e-05,1.727070441642996,0.0008994792804932273,6192300.0,0.0009658349253236975,0.87409200968523
5.491910003178913e-05,1.6940002888192813,0.0009007193518214392,6073700.0,0.000966294211000813,0.8753026634382567
5.525096863819384e-05,1.6595612530346178,0.0009019663596275201,5950300.0,0.0009667560657438058,0.8765133171912833
5.577362444666372e-05,1.6260673366052745,0.0009033476868887834,5830200.0,0.0009672676684331626,0.8777239709443099
5.6058818509830285e-05,1.5960447170711127,0.0009044361558048673,5722600.0,0.0009676708050687493,0.8789346246973365
5.658545275241943e-05,1.5631829395471561,0.0009058001840484824,5604800.0,0.0009681760007145327,0.8801452784503632
5.7048338633552196e-05,1.53088765021012,0.0009070985272989894,5489000.0,0.0009686568685850908,0.8813559322033898
5.729496611044372e-05,1.5030883592469768,0.0009080967161102387,5389300.0,0.0009690265681448128,0.8825665859564165
5.7698766484715686e-05,1.4760828792992262,0.0009091920828474432,5292500.0,0.0009694322595289626,0.8837772397094431
5.801379380382441e-05,1.448009035117527,0.0009102518850713453,5191900.0,0.0009698247788711486,0.8849878934624698
5.8466478674683284e-05,1.4171676078957642,0.000911495123405985,5081300.0,0.0009702852375136077,0.8861985472154964
5.9035047855161944e-05,1.388460550459569,0.0009127587692148262,4978400.0,0.0009707532544798453,0.887409200968523
5.924629698405014e-05,1.364772356963973,0.0009136201654099776,4893500.0,0.0009710722901076791,0.8886198547215496
5.970516693218343e-05,1.3366796726277825,0.0009147839629083769,4792700.0,0.0009715033262181973,0.8898305084745762
6.015339550188342e-05,1.3108853106760843,0.0009158734764939243,4700300.0,0.0009719068497684,0.8910411622276029
6.060792411415932e-05,1.283978329579584,0.000917000010244835,4603800.0,0.0009723240844909596,0.8922518159806295
6.109500180925596e-05,1.2578640088417072,0.0009181242886439139,4510200.0,0.0009727404838980259,0.8934624697336562
6.13662573856572e-05,1.2325406613274095,0.0009190843870449461,4419400.0,0.0009730960758984081,0.8946731234866828
6.182950772364337e-05,1.2064256522027832,0.0009201895410473453,4325800.0,0.000973505392195593,0.8958837772397095
6.230356165802439e-05,1.1825572905512864,0.0009212316088388182,4240200.0,0.0009738913432294718,0.8970944309927361
6.276899910653652e-05,1.1594602922043458,0.0009222433903035832,4157400.0,0.0009742660771053107,0.8983050847457628
6.314900639133982e-05,1.1370825639652709,0.0009231819656713083,4077100.0,0.0009746136976118756,0.8995157384987893
6.362361546090618e-05,1.1145772102369622,0.000924179648129849,3996400.0,0.0009749832096335574,0.9007263922518159
6.402502213652853e-05,1.0909206300742265,0.0009251731228524509,3911600.0,0.000975351163234521,0.9019370460048426
6.463778337207811e-05,1.0642774344927555,0.0009263807835109712,3816100.0,0.000975798444959899,0.9031476997578692
6.526575663967566e-05,1.0398145869417066,0.0009275258584795712,3728400.0,0.0009762225468001211,0.9043583535108959
6.580760881179895e-05,1.0164107755364737,0.000928589570067806,3644500.0,0.0009766165140550228,0.9055690072639225
6.635385377530594e-05,0.9916699221082942,0.0009297003652778786,3555800.0,0.000977027919688383,0.9067796610169492
6.722897461477541e-05,0.967033416705198,0.0009309750817192866,3467400.0,0.0009775000368889045,0.9079903147699758
6.773889677546898e-05,0.9394897285531154,0.0009321670158018586,3368700.0,0.0009779414939565239,0.9092009685230025
6.811794559443729e-05,0.9175955617399091,0.0009331032220538624,3290200.0,0.0009782882370128216,0.910411622276029
6.871273803913088e-05,0.8953096257275732,0.0009341524523953271,3210300.0,0.0009786768408429937,0.9116222760290557
6.948846193874697e-05,0.8728873621687897,0.0009352902267025831,3129900.0,0.00097909823873457,0.9128329297820823
7.008878729977242e-05,0.8524678322378436,0.0009362792100170485,3056700.0,0.0009794645288510387,0.914043583535109
7.103840363296962e-05,0.8274354970866932,0.0009375848127614024,2966900.0,0.0009799480854230215,0.9152542372881356
7.148309926241256e-05,0.8061609849025678,0.0009385429239056386,2890600.0,0.0009803029414023683,0.9164648910411622
7.229771778227597e-05,0.7828997318917337,0.0009397214239817293,2807200.0,0.0009807394229120316,0.9176755447941889
7.313102165323395e-05,0.7603142363652658,0.0009408855973273522,2726300.0,0.0009811705982252252,0.9188861985472155
7.370268584893928e-05,0.7383448300706101,0.0009419255910855973,2647500.0,0.0009815557810986491,0.9200968523002422
7.435546586870311e-05,0.7199362633917343,0.000942861502959889,2581500.0,0.0009819024151261648,0.9213075060532687
7.533184885613915e-05,0.6985882479481839,0.0009440280266229384,2504900.0,0.000982334460927294,0.9225181598062954
7.626709303373598e-05,0.6759816301674001,0.000945227431479613,2423900.0,0.0009827786849482846,0.923728813559322
7.722237218937838e-05,0.6529163037386708,0.0009464517879051821,2341200.0,0.000983232150291088,0.9249394673123487
7.810164917959028e-05,0.6331296548289982,0.0009475227866353189,2270200.0,0.000983628816487435,0.9261501210653753
7.908387058270872e-05,0.610394852478248,0.0009487418060003487,2188700.0,0.0009840803051411498,0.927360774818402
8.004012491285338e-05,0.5904926992349069,0.0009498423856983625,2117300.0,0.0009844879272515252,0.9285714285714286
8.068015969706194e-05,0.572767173189196,0.0009507570058921289,2053800.0,0.0009848266754714388,0.9297820823244553
8.178247588065302e-05,0.5547249601902863,0.0009518197781001603,1989100.0,0.0009852202948077468,0.9309927360774818
8.318165844018194e-05,0.5321713534950339,0.0009531544333283044,1908200.0,0.000985714611558911,0.9322033898305084
8.445727899675519e-05,0.5109815586210711,0.0009543983676351826,1832200.0,0.000986175327968866,0.9334140435835351
8.518368042567594e-05,0.4946807707122002,0.0009552891953681328,1773800.0,0.000986505264166255,0.9346246973365617
8.600095781734125e-05,0.4808230600868818,0.0009560962132448183,1724100.0,0.0009868041596761386,0.9358353510895884
8.787746091274037e-05,0.46077872564787203,0.0009574340105662569,1652200.0,0.0009872996401655602,0.937046004842615
8.910653511145097e-05,0.4403713514737976,0.0009586367472750026,1579100.0,0.0009877450982058364,0.9382566585956417
9.000508409881536e-05,0.4246663222093828,0.0009595516425588123,1522700.0,0.000988083948310951,0.9394673123486683
9.167002751696669e-05,0.40603869061681974,0.000960764967695794,1456000.0,0.0009885333279913147,0.940677966101695
9.312916337223348e-05,0.387559956657702,0.0009619301740148277,1389700.0,0.000988964885887253,0.9418886198547215
9.508268916915589e-05,0.367517905350137,0.0009632655166726223,1317800.0,0.000989459457241992,0.9430992736077481
9.675159228964557e-05,0.34984303900554226,0.0009644355634805644,1254500.0,0.0009898928079116,0.9443099273607748
9.823768171451943e-05,0.3345282595816582,0.0009654549456408228,1199500.0,0.0009902703568598439,0.9455205811138014
9.921513196595748e-05,0.32198149225787687,0.0009662500993441117,1154500.0,0.0009905648582314323,0.9467312348668281
0.00010041731487926009,0.3095818379064883,0.0009670736286728574,1110100.0,0.0009908698690939308,0.9479418886198547
0.00010288585880154564,0.29508260324587776,0.0009682042196386646,1058100.0,0.0009912886064886743,0.9491525423728814
0.00010436673895442728,0.2822350041001057,0.0009691014236353528,1012000.0,0.0009916209042652253,0.950363196125908
0.0001063982456048674,0.2678187679551099,0.0009701596122434642,960330.0,0.0009920128259719332,0.9515738498789347
0.00010816213024840405,0.2552992450330924,0.0009710793217531526,915440.0,0.0009923534591236697,0.9527845036319612
0.00010975480824854541,0.24484124553350237,0.0009718629817002729,877940.0,0.0009926437035485292,0.9539951573849879
0.00011134372792620339,0.2345877757744908,0.0009726349378630288,841170.0,0.0009929296132384388,0.9552058111380145
0.0001142247748896349,0.22141211860576418,0.0009737251381157766,793930.0,0.0009933333911098267,0.9564164648910412
0.0001168198538565342,0.20970270736522306,0.0009747013493225825,751940.0,0.0009936949508160512,0.9576271186440678
0.00011841454528645486,0.1999199190458661,0.0009754535594730327,716860.0,0.0009939735471680697,0.9588377723970944
0.00012152151377316247,0.1878965263514152,0.0009764957346077865,673750.0,0.0009943595379587192,0.9600484261501211
0.00012416972316202444,0.17647014644994047,0.000977456909937752,632780.0,0.0009947155288216696,0.9612590799031477
0.00012715908372770213,0.16632897594611548,0.0009783679279922568,596420.0,0.0009950529429159306,0.9624697336561744
0.00012988074338820903,0.1568886578603299,0.000979209980182,562560.0,0.000995364814097317,0.9636803874092009
0.00013299071337321468,0.14707154384155982,0.0009801087654304963,527360.0,0.000995697697522686,0.9648910411622276
0.00013732286170983933,0.13639938705987967,0.0009811574998147212,489090.0,0.0009960861176649914,0.9661016949152542
0.00013954723525394264,0.12771447136400205,0.0009819195628875156,457950.0,0.0009963683632475079,0.9673123486682809
0.0001434399159741947,0.11748800614989079,0.000982900811029837,421280.0,0.0009967317884854046,0.9685230024213075
0.00014811507990726273,0.1068261817101481,0.0009839595312137023,383050.0,0.0009971239070720216,0.9697336561743342
0.0001516166360376691,0.098391773998459,0.000984787909318615,352810.0,0.0009974307137775448,0.9709443099273608
0.00015525303638139524,0.0901332587501469,0.0009856079147444246,323200.0,0.0009977344194908074,0.9721549636803875
0.00016180212892627488,0.07995557830678815,0.0009867135254226862,286700.0,0.0009981439049272006,0.9733656174334141
0.0001652302226034794,0.07313419353915773,0.000987417035507333,262240.0,0.0009984044642178105,0.9745762711864406
0.0001722662774274824,0.06422323899045472,0.0009884273723137528,230290.0,0.0009987786630350033,0.9757869249394673
0.00017656764675042598,0.05858745135777736,0.000989064909863315,210080.0,0.0009990147880533594,0.9769975786924939
0.0001813880438986325,0.05277945372081296,0.0009897304160614354,189250.0,0.0009992612718304412,0.9782082324455206
0.00018938993176773416,0.046448184556142136,0.000990529825664971,166550.0,0.0009995573494613803,0.9794188861985472
0.0001994681640751758,0.039692480644057726,0.0009914220204345684,142330.0,0.0009998877919686385,0.9806295399515739
0.00020641669354078647,0.03496338634145574,0.0009920435826770162,125370.0,0.0010001180002065823,0.9818401937046005
0.00021394862707248814,0.030435533030499458,0.0009926530079872925,109130.0,0.0010003437132844624,0.9830508474576272
0.0002262719313728641,0.025696470669796263,0.0009933598407873916,92141.0,0.001000605503210425,0.9842615012106537
0.00023521114866851653,0.022382434980199498,0.000993859036801028,80258.0,0.0010007903906228829,0.9854721549636803
0.0002500902040315104,0.018658251021141027,0.0009944738954983947,66904.0,0.001001018116066352,0.986682808716707
0.00026467570727462485,0.015671954797779202,0.0009949929597594203,56196.0,0.001001210362088954,0.9878934624697336
0.00027993492943520173,0.013139186480749191,0.000995456584525137,47114.0,0.0010013820749651455,0.9891041162227603
0.0002950417273422722,0.01105221086876712,0.0009958549380855626,39631.0,0.0010015296133208586,0.9903147699757869
0.00031417472065601464,0.009129193252451824,0.000996250987478458,32735.0,0.0010016762982811903,0.9915254237288136
0.00033882857735450085,0.007380363880619735,0.0009966455436756663,26464.0,0.0010018224302060822,0.9927360774818402
0.00036392450579088265,0.00581894010605973,0.0009970083564880543,20866.0,0.0010019568053217815,0.9939467312348669
0.00039685346553911926,0.004522988316578272,0.000997345197325584,16219.0,0.0010020815611875332,0.9951573849878934
0.00043373168380388615,0.0034830390798427703,0.0009976399367315394,12490.0,0.0010021907239304798,0.9963680387409201
0.0004750305781484462,0.0025979090771243857,0.0009979079292122314,9315.8,0.00100228998040481,0.9975786924939467
0.0005398619210463158,0.0017837940216312409,0.0009981885235189648,6396.6,0.0010023939042221187,0.9987893462469734
0.0006056772829367062,0.001275692124050577,0.0009983871355372523,4574.8,0.0010024674642288918,1.0
